Label,# Samples,Average,Median,90% Line,95% Line,99% Line,Min,Max,Error %,Throughput,Received KB/sec,Sent KB/sec
HTTP Request,20000,216,62,686,886,1213,0,1685,0.000%,834.79422,141.61,221.74
TOTAL,20000,216,62,686,886,1213,0,1685,0.000%,834.79422,141.61,221.74
